Aaron;Gordon;ORL;/nba/players/aaron-gordon
Aaron;Holiday;IND;/nba/players/aaron-holiday
Abdel;Nader;OKC;/nba/players/abdel-nader
Al;Horford;BOS;/nba/players/al-horford
Al-Farouq;Aminu;POR;/nba/players/al-farouq-aminu
Alan;Williams;BKN;/nba/players/alan-williams
Alec;Burks;UTAH;/nba/players/alec-burks
Alec;Peters;PHX;/nba/players/alec-peters
Alex;Abrines;OKC;/nba/players/alex-abrines
Alex;Caruso;LAL;/nba/players/alex-caruso
Alex;Len;ATL;/nba/players/alex-len
Alize;Johnson;IND;/nba/players/alize-johnson
Allen;Crabbe;BKN;/nba/players/allen-crabbe
Amir;Johnson;PHI;/nba/players/amir-johnson
Andre;Drummond;DET;/nba/players/andre-drummond
Andre;Iguodala;GS;/nba/players/andre-iguodala
Andre;Roberson;OKC;/nba/players/andre-roberson
Andrew;Harrison;MEM;/nba/players/andrew-harrison
Andrew;Wiggins;MIN;/nba/players/andrew-wiggins
Anfernee;Simons;POR;/nba/players/anfernee-simons
Ante;Zizic;CLE;/nba/players/ante-zizic
Anthony;Davis;NO;/nba/players/anthony-davis
Anthony;Tolliver;MIN;/nba/players/anthony-tolliver
Antonio;Blakeney;CHI;/nba/players/antonio-blakeney
Antonius;Cleveland;CHI;/nba/players/antonius-cleveland
Aron;Baynes;BOS;/nba/players/aron-baynes
Austin;Rivers;WSH;/nba/players/austin-rivers
Avery;Bradley;LAC;/nba/players/avery-bradley
Bam;Adebayo;MIA;/nba/players/bam-adebayo
Ben;McLemore;SAC;/nba/players/ben-mclemore
Ben;Simmons;PHI;/nba/players/ben-simmons
Bismack;Biyombo;CHA;/nba/players/bismack-biyombo
Blake;Griffin;DET;/nba/players/blake-griffin
Boban;Marjanovic;LAC;/nba/players/boban-marjanovic
Bobby;Portis;CHI;/nba/players/bobby-portis
Bogdan;Bogdanovic;SAC;/nba/players/bogdan-bogdanovic
Bojan;Bogdanovic;IND;/nba/players/bojan-bogdanovic
Brad;Wanamaker;BOS;/nba/players/brad-wanamaker
Bradley;Beal;WSH;/nba/players/bradley-beal
Brandon;Ingram;LAL;/nba/players/brandon-ingram
Brandon;Knight;HOU;/nba/players/brandon-knight
Brook;Lopez;MIL;/nba/players/brook-lopez
Bruce;Brown;DET;/nba/players/bruce-brown-jr
Bryn;Forbes;SA;/nba/players/bryn-forbes
Buddy;Hield;SAC;/nba/players/buddy-hield
C.J.;McCollum;POR;/nba/players/c-j-mccollum
C.J.;Miles;TOR;/nba/players/cj-miles
C.J.;Wilcox;IND;/nba/players/c-j-wilcox
C.J.;Williams;MIN;/nba/players/c-j-williams
Caleb;Swanigan;POR;/nba/players/caleb-swanigan
Cameron;Payne;CHI;/nba/players/cameron-payne
Caris;LeVert;BKN;/nba/players/caris-levert
Carmelo;Anthony;HOU;/nba/players/carmelo-anthony
Cedi;Osman;CLE;/nba/players/cedi-osman
Chandler;Hutchison;CHI;/nba/players/chandler-hutchison
Chandler;Parsons;MEM;/nba/players/chandler-parsons
Channing;Frye;CLE;/nba/players/channing-frye
Cheick;Diallo;NO;/nba/players/cheick-diallo
Chimezie;Metu;SA;/nba/players/chimezie-metu
Chris;Boucher;TOR;/nba/players/chris-boucher
Chris;Paul;HOU;/nba/players/chris-paul
Clint;Capela;HOU;/nba/players/clint-capela
Cody;Zeller;CHA;/nba/players/cody-zeller
Collin;Sexton;CLE;/nba/players/collin-sexton
Cory;Joseph;IND;/nba/players/cory-joseph
Courtney;Lee;NY;/nba/players/courtney-lee
Cristiano;Felicio;CHI;/nba/players/cristiano-felicio
D'Angelo;Russell;BKN;/nba/players/d-angelo-russell
D.J.;Augustin;ORL;/nba/players/dj-augustin
D.J.;Wilson;MIL;/nba/players/d-j-wilson
Damian;Jones;GS;/nba/players/damian-jones
Damian;Lillard;POR;/nba/players/damian-lillard
Damion;Lee;GS;/nba/players/damion-lee
Damyean;Dotson;NY;/nba/players/damyean-dotson
Daniel;Hamilton;ATL;/nba/players/daniel-hamilton
Daniel;Theis;BOS;/nba/players/daniel-theis
Danilo;Gallinari;LAC;/nba/players/danilo-gallinari
Danny;Green;TOR;/nba/players/danny-green
Dante;Cunningham;SA;/nba/players/dante-cunningham
Dante;Exum;UTAH;/nba/players/dante-exum
Danuel;House Jr.;GS;/nba/players/danuel-house-jr
Dario;Saric;PHI;/nba/players/dario-saric
Darius;Miller;NO;/nba/players/darius-miller
Darren;Collison;IND;/nba/players/darren-collison
David;Nwaba;CLE;/nba/players/david-nwaba
Davis;Bertans;SA;/nba/players/davis-bertans
De'Aaron;Fox;SAC;/nba/players/de-aaron-fox
De'Anthony;Melton;PHX;/nba/players/de-anthony-melton
Deandre;Ayton;PHX;/nba/players/deandre-ayton
DeAndre;Bembry;ATL;/nba/players/deandre-bembry
DeAndre;Jordan;DAL;/nba/players/deandre-jordan
Delon;Wright;TOR;/nba/players/delon-wright
DeMar;DeRozan;SA;/nba/players/demar-derozan
DeMarcus;Cousins;GS;/nba/players/demarcus-cousins
DeMarre;Carroll;BKN;/nba/players/demarre-carroll
Demetrius;Jackson;PHI;/nba/players/demetrius-jackson
Dennis;Schroder;OKC;/nba/players/dennis-schroder
Dennis;Smith;DAL;/nba/players/dennis-smith
Denzel;Valentine;CHI;/nba/players/denzel-valentine
Derrick;Favors;UTAH;/nba/players/derrick-favors
Derrick;Jones Jr.;MIA;/nba/players/derrick-jones-jr
Derrick;Rose;MIN;/nba/players/derrick-rose
Derrick;Walton Jr.;CHI;/nba/players/derrick-walton-jr
Derrick;White;SA;/nba/players/derrick-white
Devin;Booker;PHX;/nba/players/devin-booker
Devin;Harris;DAL;/nba/players/devin-harris
Devin;Robinson;WSH;/nba/players/devin-robinson
Devon;Hall;OKC;/nba/players/devon-hall
Devonte';Graham;CHA;/nba/players/devonte-graham
Dewayne;Dedmon;ATL;/nba/players/dewayne-dedmon
Deyonta;Davis;GS;/nba/players/deyonta-davis
Dillon;Brooks;MEM;/nba/players/dillon-brooks
Dion;Waiters;MIA;/nba/players/dion-waiters
Dirk;Nowitzki;DAL;/nba/players/dirk-nowitzki
Domantas;Sabonis;IND;/nba/players/domantas-sabonis
Donovan;Mitchell;UTAH;/nba/players/donovan-mitchell
Donte;DiVincenzo;MIL;/nba/players/donte-divincenzo
Dorian;Finney-Smith;DAL;/nba/players/dorian-finney-smith
Doug;McDermott;IND;/nba/players/doug-mcdermott
Dragan;Bender;PHX;/nba/players/dragan-bender
Draymond;Green;GS;/nba/players/draymond-green
Dwayne;Bacon;CHA;/nba/players/dwayne-bacon
Dwight;Howard;WSH;/nba/players/dwight-howard
Dwight;Powell;DAL;/nba/players/dwight-powell
Dwyane;Wade;MIA;/nba/players/dwyane-wade
Dzanan;Musa;BKN;/nba/players/dzanan-musa
E'Twaun;Moore;NO;/nba/players/etwaun-moore
Ed;Davis;BKN;/nba/players/ed-davis
Edmond;Sumner;IND;/nba/players/edmond-sumner
Ekpe;Udoh;UTAH;/nba/players/ekpe-udoh
Elfrid;Payton;NO;/nba/players/elfrid-payton
Elie;Okobo;PHX;/nba/players/elie-okobo
Emeka;Okafor;NO;/nba/players/emeka-okafor
Emmanuel;Mudiay;NY;/nba/players/emmanuel-mudiay
Enes;Kanter;NY;/nba/players/enes-kanter
Eric;Bledsoe;MIL;/nba/players/eric-bledsoe
Eric;Gordon;HOU;/nba/players/eric-gordon
Ersan;Ilyasova;MIL;/nba/players/ersan-ilyasova
Evan;Fournier;ORL;/nba/players/evan-fournier
Evan;Turner;POR;/nba/players/evan-turner
Frank;Jackson;NO;/nba/players/frank-jackson
Frank;Kaminsky;CHA;/nba/players/frank-kaminsky
Frank;Mason;SAC;/nba/players/frank-mason
Frank;Ntilikina;NY;/nba/players/frank-ntilikina
Fred;VanVleet;TOR;/nba/players/fred-vanvleet
Furkan;Korkmaz;PHI;/nba/players/furkan-korkmaz
Garrett;Temple;MEM;/nba/players/garrett-temple
Gary;Harris;DEN;/nba/players/gary-harris
Gary;Trent;POR;/nba/players/gary-trent-jr
George;Hill;CLE;/nba/players/george-hill
George;King;PHX;/nba/players/george-king
Georges;Niang;UTAH;/nba/players/georges-niang
Gerald;Green;HOU;/nba/players/gerald-green
Giannis;Antetokounmpo;MIL;/nba/players/giannis-antetokounmpo
Glenn;Robinson III;DET;/nba/players/glenn-robinson-iii
Goran;Dragic;MIA;/nba/players/goran-dragic
Gordon;Hayward;BOS;/nba/players/gordon-hayward
Gorgui;Dieng;MIN;/nba/players/gorgui-dieng
Grayson;Allen;UTAH;/nba/players/grayson-allen
Greg;Monroe;TOR;/nba/players/greg-monroe
Guerschon;Yabusele;BOS;/nba/players/guerschon-yabusele
Guillermo;Hernangomez;CHA;/nba/players/guillermo-hernangomez
Hamidou;Diallo;OKC;/nba/players/hamidou-diallo
Harrison;Barnes;DAL;/nba/players/harrison-barnes
Harry;Giles;SAC;/nba/players/harry-giles
Hassan;Whiteside;MIA;/nba/players/hassan-whiteside
Henry;Ellenson;DET;/nba/players/henry-ellenson
Ian;Clark;NO;/nba/players/ian-clark
Ian;Mahinmi;WSH;/nba/players/ian-mahinmi
Ike;Anigbogu;IND;/nba/players/ike-anigbogu
Iman;Shumpert;SAC;/nba/players/iman-shumpert
Isaiah;Canaan;PHX;/nba/players/isaiah-canaan
Isaiah;Hartenstein;HOU;/nba/players/isaiah-hartenstein
Isaiah;Hicks;NY;/nba/players/isaiah-hicks
Isaiah;Thomas;DEN;/nba/players/isaiah-thomas
Ishmael;Smith;DET;/nba/players/ishmael-smith
Ivan;Rabb;MEM;/nba/players/ivan-rabb
Ivica;Zubac;LAL;/nba/players/ivica-zubac
J.J.;Redick;PHI;/nba/players/jj-redick
J.R.;Smith;CLE;/nba/players/jr-smith
Jabari;Bird;BOS;/nba/players/jabari-bird
Jabari;Parker;CHI;/nba/players/jabari-parker
Jacob;Evans;GS;/nba/players/jacob-evans-iii
Jae;Crowder;UTAH;/nba/players/jae-crowder
Jahlil;Okafor;NO;/nba/players/jahlil-okafor
Jake;Layman;POR;/nba/players/jake-layman
Jakob;Poeltl;SA;/nba/players/jakob-poeltl
Jalen;Brunson;DAL;/nba/players/jalen-brunson
Jalen;Jones;DAL;/nba/players/jalen-jones
Jamal;Crawford;PHX;/nba/players/jamal-crawford
Jamal;Murray;DEN;/nba/players/jamal-murray
James;Ennis;HOU;/nba/players/james-ennis
James;Harden;HOU;/nba/players/james-harden
James;Johnson;MIA;/nba/players/james-johnson
JaMychal;Green;MEM;/nba/players/jamychal-green
Jared;Dudley;BKN;/nba/players/jared-dudley
Jarell;Martin;ORL;/nba/players/jarell-martin
Jaren;Jackson;MEM;/nba/players/jaren-jackson-jr
Jaron;Blossomgame;SA;/nba/players/jaron-blossomgame
Jarred;Vanderbilt;DEN;/nba/players/jarred-vanderbilt
Jarrett;Allen;BKN;/nba/players/jarrett-allen
Jason;Smith;WSH;/nba/players/jason-smith
JaVale;McGee;LAL;/nba/players/javale-mcgee
Jaylen;Brown;BOS;/nba/players/jaylen-brown
Jaylen;Morris;MIL;/nba/players/jaylen-morris
Jayson;Tatum;BOS;/nba/players/jayson-tatum
Jeff;Green;WSH;/nba/players/jeff-green
Jeff;Teague;MIN;/nba/players/jeff-teague
Jerami;Grant;OKC;/nba/players/jerami-grant
Jeremy;Lamb;CHA;/nba/players/jeremy-lamb
Jeremy;Lin;ATL;/nba/players/jeremy-lin
Jerian;Grant;ORL;/nba/players/jerian-grant
Jerome;Robinson;LAC;/nba/players/jerome-robinson
Jerryd;Bayless;PHI;/nba/players/jerryd-bayless
Jevon;Carter;MEM;/nba/players/jevon-carter
Jimmy;Butler;MIN;/nba/players/jimmy-butler
Joe;Harris;BKN;/nba/players/joe-harris
Joe;Ingles;UTAH;/nba/players/joe-ingles
Joel;Embiid;PHI;/nba/players/joel-embiid
John;Collins;ATL;/nba/players/john-collins
John;Henson;MIL;/nba/players/john-henson
John;Holland;CLE;/nba/players/john-holland
John;Wall;WSH;/nba/players/john-wall
Johnathan;Motley;LAC;/nba/players/johnathan-motley
Jon;Leuer;DET;/nba/players/jon-leuer
Jonas;Jerebko;GS;/nba/players/jonas-jerebko
Jonas;Valanciunas;TOR;/nba/players/jonas-valanciunas
Jonathan;Isaac;ORL;/nba/players/jonathan-isaac
Jonathon;Simmons;ORL;/nba/players/jonathon-simmons
Jordan;Bell;GS;/nba/players/jordan-bell
Jordan;Clarkson;CLE;/nba/players/jordan-clarkson
Jose;Calderon;DET;/nba/players/jose-calderon
Jose Juan;Barea;DAL;/nba/players/jose-barea
Josh;Hart;LAL;/nba/players/josh-hart
Josh;Jackson;PHX;/nba/players/josh-jackson
Josh;Okogie;MIN;/nba/players/josh-okogie
Josh;Richardson;MIA;/nba/players/josh-richardson
Jrue;Holiday;NO;/nba/players/jrue-holiday
Juan;Hernangomez;DEN;/nba/players/juan-hernangomez
Julius;Randle;NO;/nba/players/julius-randle
Justin;Anderson;ATL;/nba/players/justin-anderson
Justin;Holiday;CHI;/nba/players/justin-holiday
Justin;Jackson;SAC;/nba/players/justin-jackson
Justin;Jackson;ORL;/nba/players/justin-jackson-1
Justin;Patton;MIN;/nba/players/justin-patton
Justise;Winslow;MIA;/nba/players/justise-winslow
Jusuf;Nurkic;POR;/nba/players/jusuf-nurkic
Kadeem;Allen;NY;/nba/players/kadeem-allen
Karl-Anthony;Towns;MIN;/nba/players/karl-anthony-towns
Kawhi;Leonard;TOR;/nba/players/kawhi-leonard
Keita;Bates-Diop;MIN;/nba/players/keita-bates-diop
Kelly;Olynyk;MIA;/nba/players/kelly-olynyk
Kelly;Oubre;WSH;/nba/players/kelly-oubre
Kemba;Walker;CHA;/nba/players/kemba-walker
Kenneth;Faried;BKN;/nba/players/kenneth-faried
Kent;Bazemore;ATL;/nba/players/kent-bazemore
Kentavious;Caldwell-Pope;LAL;/nba/players/kentavious-caldwell-pope
Kevin;Durant;GS;/nba/players/kevin-durant
Kevin;Hervey;OKC;/nba/players/kevin-hervey
Kevin;Huerter;ATL;/nba/players/kevin-huerter
Kevin;Knox;NY;/nba/players/kevin-knox
Kevin;Love;CLE;/nba/players/kevin-love
Kevon;Looney;GS;/nba/players/kevon-looney
Khem;Birch;ORL;/nba/players/khem-birch
Khris;Middleton;MIL;/nba/players/khris-middleton
Khyri;Thomas;DET;/nba/players/khyri-thomas
Klay;Thompson;GS;/nba/players/klay-thompson
Kosta;Koufos;SAC;/nba/players/kosta-koufos
Kostas;Antetokounmpo;DAL;/nba/players/kostas-antetokounmpo
Kris;Dunn;CHI;/nba/players/kris-dunn
Kristaps;Porzingis;NY;/nba/players/kristaps-porzingis
Kyle;Anderson;MEM;/nba/players/kyle-anderson
Kyle;Korver;CLE;/nba/players/kyle-korver
Kyle;Kuzma;LAL;/nba/players/kyle-kuzma
Kyle;Lowry;TOR;/nba/players/kyle-lowry
Kyle;O'Quinn;IND;/nba/players/kyle-o-quinn
Kyrie;Irving;BOS;/nba/players/kyrie-irving
LaMarcus;Aldridge;SA;/nba/players/lamarcus-aldridge
Lance;Stephenson;LAL;/nba/players/lance-stephenson
Lance;Thomas;NY;/nba/players/lance-thomas
Landry;Shamet;PHI;/nba/players/landry-shamet
Langston;Galloway;DET;/nba/players/langston-galloway
Larry;Nance Jr.;CLE;/nba/players/larry-nance-jr
Lauri;Markkanen;CHI;/nba/players/lauri-markkanen
LeBron;James;LAL;/nba/players/lebron-james
Lonnie;Walker;SA;/nba/players/lonnie-walker
Lonzo;Ball;LAL;/nba/players/lonzo-ball
Lorenzo;Brown;TOR;/nba/players/lorenzo-brown
Louis;Williams;LAC;/nba/players/louis-williams
Luc;Mbah a Moute;LAC;/nba/players/luc-mbah-a-moute
Luka;Doncic;DAL;/nba/players/luka-doncic
Luke;Kennard;DET;/nba/players/luke-kennard
Luke;Kornet;NY;/nba/players/luke-kornet
Luol;Deng;MIN;/nba/players/luol-deng
Malachi;Richardson;TOR;/nba/players/malachi-richardson
Malcolm;Brogdon;MIL;/nba/players/malcolm-brogdon
Malik;Beasley;DEN;/nba/players/malik-beasley
Malik;Monk;CHA;/nba/players/malik-monk
Mangok;Mathiang;CHA;/nba/players/mangok-mathiang
Marc;Gasol;MEM;/nba/players/marc-gasol
Marcin;Gortat;LAC;/nba/players/marcin-gortat
Marco;Belinelli;SA;/nba/players/marco-belinelli
Marcus;Morris;BOS;/nba/players/marcus-morris
Marcus;Smart;BOS;/nba/players/marcus-smart
Mario;Hezonja;NY;/nba/players/mario-hezonja
Markelle;Fultz;PHI;/nba/players/markelle-fultz
Markieff;Morris;WSH;/nba/players/markieff-morris
Marquese;Chriss;HOU;/nba/players/marquese-chriss
MarShon;Brooks;MEM;/nba/players/marshon-brooks
Marvin;Bagley III;SAC;/nba/players/marvin-bagley-iii
Marvin;Williams;CHA;/nba/players/marvin-williams
Mason;Plumlee;DEN;/nba/players/mason-plumlee
Matthew;Dellavedova;MIL;/nba/players/matthew-dellavedova
Maurice;Harkless;POR;/nba/players/maurice-harkless
Maxi;Kleber;DAL;/nba/players/maxi-kleber
Melvin;Frazier;ORL;/nba/players/melvin-frazier
Meyers;Leonard;POR;/nba/players/meyers-leonard
Michael;Beasley;LAL;/nba/players/michael-beasley
Michael;Carter-Williams;HOU;/nba/players/michael-carter-williams
Michael;Kidd-Gilchrist;CHA;/nba/players/michael-kidd-gilchrist
Michael;Porter;DEN;/nba/players/michael-porter-jr
Mikal;Bridges;PHX;/nba/players/mikal-bridges
Mike;Conley;MEM;/nba/players/mike-conley
Mike;Muscala;PHI;/nba/players/mike-muscala
Mike;Scott;LAC;/nba/players/mike-scott
Miles;Bridges;CHA;/nba/players/miles-bridges
Miles;Plumlee;ATL;/nba/players/miles-plumlee
Milos;Teodosic;LAC;/nba/players/milos-teodosic
Mitchell;Robinson;NY;/nba/players/mitchell-robinson
Mohamed;Bamba;ORL;/nba/players/mohamed-bamba
Monte;Morris;DEN;/nba/players/monte-morris
Montrezl;Harrell;LAC;/nba/players/montrezl-harrell
Moritz;Wagner;LAL;/nba/players/moritz-wagner
Myles;Turner;IND;/nba/players/myles-turner
Naz;Mitrou-Long;UTAH;/nba/players/naz-mitrou-long
Nemanja;Bjelica;SAC;/nba/players/nemanja-bjelica
Nene;Hilario;HOU;/nba/players/nene-hilario
Nerlens;Noel;OKC;/nba/players/nerlens-noel
Nicolas;Batum;CHA;/nba/players/nicolas-batum
Nigel;Williams-Goss;UTAH;/nba/players/nigel-williams-goss
Nik;Stauskas;POR;/nba/players/nik-stauskas
Nikola;Jokic;DEN;/nba/players/nikola-jokic
Nikola;Mirotic;NO;/nba/players/nikola-mirotic
Nikola;Vucevic;ORL;/nba/players/nikola-vucevic
Noah;Vonleh;NY;/nba/players/noah-vonleh
Norman;Powell;TOR;/nba/players/norman-powell
OG;Anunoby;TOR;/nba/players/og-anunoby
Ognjen;Jaramaz;NY;/nba/players/ognjen-jaramaz
Omari;Spellman;ATL;/nba/players/omari-spellman
Omer;Asik;CHI;/nba/players/omer-asik
Omri;Casspi;MEM;/nba/players/omri-casspi
Otto;Porter;WSH;/nba/players/otto-porter
P.J.;Tucker;HOU;/nba/players/p-j-tucker
Pascal;Siakam;TOR;/nba/players/pascal-siakam
Pat;Connaughton;MIL;/nba/players/pat-connaughton
Patrick;Beverley;LAC;/nba/players/patrick-beverley
Patrick;McCaw;GS;/nba/players/patrick-mccaw
Patrick;Mills;SA;/nba/players/patrick-mills
Patrick;Patterson;OKC;/nba/players/patrick-patterson
Pau;Gasol;SA;/nba/players/pau-gasol
Paul;George;OKC;/nba/players/paul-george
Paul;Millsap;DEN;/nba/players/paul-millsap
Quinn;Cook;GS;/nba/players/quinn-cook
Rajon;Rondo;LAL;/nba/players/rajon-rondo
Raul;Neto;UTAH;/nba/players/raul-neto
Ray;Spalding;DAL;/nba/players/ray-spalding
Raymond;Felton;OKC;/nba/players/raymond-felton
Reggie;Bullock;DET;/nba/players/reggie-bullock
Reggie;Hearn;DET;/nba/players/reggie-hearn
Reggie;Jackson;DET;/nba/players/reggie-jackson
Richaun;Holmes;PHX;/nba/players/richaun-holmes
Ricky;Rubio;UTAH;/nba/players/ricky-rubio
Robert;Covington;PHI;/nba/players/robert-covington
Robert;Williams;BOS;/nba/players/robert-williams
Robin;Lopez;CHI;/nba/players/robin-lopez
Rodions;Kurucs;BKN;/nba/players/rodions-kurucs
Rodney;Hood;CLE;/nba/players/rodney-hood
Rodney;McGruder;MIA;/nba/players/rodney-mcgruder
Ron;Baker;NY;/nba/players/ron-baker
Rondae;Hollis-Jefferson;BKN;/nba/players/rondae-hollis-jefferson
Royce;O'Neale;UTAH;/nba/players/royce-o-neale
Rudy;Gay;SA;/nba/players/rudy-gay
Rudy;Gobert;UTAH;/nba/players/rudy-gobert
Russell;Westbrook;OKC;/nba/players/russell-westbrook
Ryan;Anderson;PHX;/nba/players/ryan-anderson
Ryan;Arcidiacono;CHI;/nba/players/ryan-arcidiacono
Salah;Mejri;DAL;/nba/players/salah-mejri
Sam;Dekker;CLE;/nba/players/sam-dekker
Semi;Ojeleye;BOS;/nba/players/semi-ojeleye
Serge;Ibaka;TOR;/nba/players/serge-ibaka
Seth;Curry;POR;/nba/players/seth-curry
Shabazz;Napier;BKN;/nba/players/shabazz-napier
Shai;Gilgeous-Alexander;LAC;/nba/players/shai-gilgeous-alexander
Shake;Milton;PHI;/nba/players/shake-milton
Shaun;Livingston;GS;/nba/players/shaun-livingston
Shelvin;Mack;MEM;/nba/players/shelvin-mack
Sindarius;Thornwell;LAC;/nba/players/sindarius-thornwell
Skal;Labissiere;SAC;/nba/players/skal-labissiere
Solomon;Hill;NO;/nba/players/solomon-hill
Spencer;Dinwiddie;BKN;/nba/players/spencer-dinwiddie
Stanley;Johnson;DET;/nba/players/stanley-johnson
Stephen;Curry;GS;/nba/players/stephen-curry
Sterling;Brown;MIL;/nba/players/sterling-brown
Steven;Adams;OKC;/nba/players/steven-adams
Sviatoslav;Mykhailiuk;LAL;/nba/players/sviatoslav-mykhailiuk
T.J.;Leaf;IND;/nba/players/t-j-leaf
T.J.;McConnell;PHI;/nba/players/t-j-mcconnell
T.J.;Warren;PHX;/nba/players/t-j-warren
Taj;Gibson;MIN;/nba/players/taj-gibson
Taurean;Prince;ATL;/nba/players/taurean-prince
Terrance;Ferguson;OKC;/nba/players/terrance-ferguson
Terrence;Ross;ORL;/nba/players/terrence-ross
Terry;Rozier;BOS;/nba/players/terry-rozier
Thabo;Sefolosha;UTAH;/nba/players/thabo-sefolosha
Thaddeus;Young;IND;/nba/players/thaddeus-young
Thomas;Bryant;WSH;/nba/players/thomas-bryant
Thomas;Welsh;DEN;/nba/players/thomas-welsh
Thon;Maker;MIL;/nba/players/thon-maker
Tim;Hardaway Jr.;NY;/nba/players/tim-hardaway-jr
Timofey;Mozgov;ORL;/nba/players/timofey-mozgov
Timothe;Luwawu-Cabarrot;OKC;/nba/players/timothe-luwawu
Tobias;Harris;LAC;/nba/players/tobias-harris
Tomas;Satoransky;WSH;/nba/players/tomas-satoransky
Tony;Bradley;UTAH;/nba/players/tony-bradley
Tony;Carr;NO;/nba/players/tony-carr
Tony;Parker;CHA;/nba/players/tony-parker
Tony;Snell;MIL;/nba/players/tony-snell
Torrey;Craig;DEN;/nba/players/torrey-craig
Trae;Young;ATL;/nba/players/trae-young
Travis;Wear;LAL;/nba/players/travis-wear
Treveon;Graham;BKN;/nba/players/treveon-graham
Trevor;Ariza;PHX;/nba/players/trevor-ariza
Trey;Burke;NY;/nba/players/trey-burke
Trey;Lyles;DEN;/nba/players/trey-lyles
Tristan;Thompson;CLE;/nba/players/tristan-thompson
Troy;Brown;WSH;/nba/players/troy-brown
Troy;Daniels;PHX;/nba/players/troy-daniels
Troy;Williams;NO;/nba/players/troy-williams
Tyler;Cavanaugh;UTAH;/nba/players/tyler-cavanaugh
Tyler;Dorsey;ATL;/nba/players/tyler-dorsey
Tyler;Johnson;MIA;/nba/players/tyler-johnson
Tyler;Lydon;DEN;/nba/players/tyler-lydon
Tyler;Ulis;CHI;/nba/players/tyler-ulis
Tyreke;Evans;IND;/nba/players/tyreke-evans
Tyrone;Wallace;LAC;/nba/players/tyrone-wallace
Tyson;Chandler;PHX;/nba/players/tyson-chandler
Tyus;Jones;MIN;/nba/players/tyus-jones
Udonis;Haslem;MIA;/nba/players/udonis-haslem
Victor;Oladipo;IND;/nba/players/victor-oladipo
Vince;Carter;ATL;/nba/players/vince-carter
Vincent;Edwards;HOU;/nba/players/vincent-edwards
Wade;Baldwin IV;POR;/nba/players/wade-baldwin-iv
Walter;Lemon Jr.;BOS;/nba/players/walter-lemon-jr
Wayne;Ellington;MIA;/nba/players/wayne-ellington
Wayne;Selden Jr.;MEM;/nba/players/wayne-selden-jr
Wendell;Carter;CHI;/nba/players/wendell-carter-jr
Wesley;Iwundu;ORL;/nba/players/wesley-iwundu
Wesley;Johnson;NO;/nba/players/wesley-johnson
Wesley;Matthews;DAL;/nba/players/wesley-matthews
Will;Barton;DEN;/nba/players/will-barton
Willie;Cauley-Stein;SAC;/nba/players/willie-cauley-stein
Wilson;Chandler;PHI;/nba/players/wilson-chandler
Yogi;Ferrell;SAC;/nba/players/yogi-ferrell
Zach;Collins;POR;/nba/players/zach-collins
Zach;LaVine;CHI;/nba/players/zach-lavine
Zach;Randolph;SAC;/nba/players/zach-randolph
Zaza;Pachulia;DET;/nba/players/zaza-pachulia
Zhou;Qi;HOU;/nba/players/zhou-qi
